Timestamp,temperature_2m_max,precipitation_sum,windspeed_10m_max,shortwave_radiation_sum,3_day_rainfall,7_day_rainfall
2021-01-01,25.1,0.0,9.8,16.04,0.0,0.0
2021-01-02,25.9,0.0,6.9,16.17,0.0,0.0
2021-01-03,26.8,0.0,9.9,16.4,0.0,0.0
2021-01-04,27.2,0.0,9.8,14.82,0.0,0.0
2021-01-05,28.5,0.0,7.9,16.13,0.0,0.0
2021-01-06,29.5,0.0,6.9,15.75,0.0,0.0
2021-01-07,29.3,0.0,6.6,13.5,0.0,0.0
2021-01-08,27.5,0.0,12.0,13.19,0.0,0.0
2021-01-09,29.7,0.0,6.4,15.61,0.0,0.0
2021-01-10,30.0,0.0,11.0,15.97,0.0,0.0
2021-01-11,28.6,0.0,12.7,13.86,0.0,0.0
2021-01-12,28.0,0.0,13.7,15.38,0.0,0.0
2021-01-13,27.1,0.0,13.7,16.85,0.0,0.0
2021-01-14,25.6,0.0,9.2,17.21,0.0,0.0
2021-01-15,25.2,0.0,14.1,17.58,0.0,0.0
2021-01-16,25.1,0.0,8.7,17.65,0.0,0.0
2021-01-17,24.4,0.0,8.7,17.34,0.0,0.0
2021-01-18,25.9,0.0,8.0,17.28,0.0,0.0
2021-01-19,28.1,0.0,14.9,16.83,0.0,0.0
2021-01-20,27.6,0.0,20.5,14.38,0.0,0.0
2021-01-21,26.5,0.0,10.7,18.28,0.0,0.0
2021-01-22,26.8,0.0,12.4,18.18,0.0,0.0
2021-01-23,27.4,0.0,10.1,18.12,0.0,0.0
2021-01-24,28.8,0.0,11.1,17.95,0.0,0.0
2021-01-25,28.8,0.0,11.8,15.77,0.0,0.0
2021-01-26,27.3,0.0,15.4,14.85,0.0,0.0
2021-01-27,27.2,0.0,12.0,16.65,0.0,0.0
2021-01-28,26.9,0.0,12.2,17.91,0.0,0.0
2021-01-29,26.1,0.6,9.2,15.53,0.6,0.6
2021-01-30,24.5,0.2,14.8,12.67,0.8,0.8
2021-01-31,24.2,0.0,11.5,19.29,0.8,0.8
2021-02-01,24.8,0.0,11.9,19.41,0.2,0.8
2021-02-02,26.1,0.0,13.0,19.5,0.0,0.8
2021-02-03,26.3,0.0,13.2,19.62,0.0,0.8
2021-02-04,26.2,0.0,11.7,19.83,0.0,0.8
2021-02-05,27.1,0.0,9.9,19.5,0.0,0.2
2021-02-06,26.5,0.2,12.9,17.17,0.2,0.2
2021-02-07,24.9,0.1,14.4,18.48,0.30000000000000004,0.30000000000000004
2021-02-08,25.9,0.0,12.2,20.15,0.30000000000000004,0.30000000000000004
2021-02-09,28.3,0.0,7.6,20.1,0.1,0.30000000000000004
2021-02-10,29.0,0.0,8.2,20.3,0.0,0.30000000000000004
2021-02-11,28.7,0.0,8.4,20.05,0.0,0.30000000000000004
2021-02-12,29.3,0.0,9.5,19.93,0.0,0.30000000000000004
2021-02-13,29.1,0.0,8.2,20.01,0.0,0.1
2021-02-14,29.8,0.0,14.1,20.36,0.0,0.0
2021-02-15,29.6,0.0,15.3,20.38,0.0,0.0
2021-02-16,30.7,0.0,15.4,18.75,0.0,0.0
2021-02-17,27.9,3.7,12.4,16.78,3.7,3.7
2021-02-18,28.5,0.7,14.8,17.55,4.4,4.4
2021-02-19,25.4,1.3,10.3,13.09,5.7,5.7
2021-02-20,24.0,0.3,8.7,11.18,2.3,6.0
2021-02-21,27.0,0.0,7.5,16.79,1.6,6.0
2021-02-22,29.8,0.0,11.9,21.1,0.3,6.0
2021-02-23,30.1,0.0,14.1,21.47,0.0,6.0
2021-02-24,31.3,0.0,12.8,21.81,0.0,2.3
2021-02-25,31.8,0.0,15.1,21.77,0.0,1.6
2021-02-26,32.0,0.0,16.9,21.71,0.0,0.3
2021-02-27,31.9,0.0,16.3,22.08,0.0,0.0
2021-02-28,33.1,0.0,16.4,21.32,0.0,0.0
2021-03-01,33.3,0.0,16.5,21.48,0.0,0.0
2021-03-02,33.3,0.0,15.8,22.17,0.0,0.0
2021-03-03,31.7,0.0,12.4,22.8,0.0,0.0
2021-03-04,33.1,0.0,13.8,22.76,0.0,0.0
2021-03-05,33.5,0.0,19.8,22.63,0.0,0.0
2021-03-06,32.1,0.0,18.6,22.93,0.0,0.0
2021-03-07,33.5,0.0,10.7,22.95,0.0,0.0
2021-03-08,34.6,0.0,10.9,22.93,0.0,0.0
2021-03-09,33.9,0.0,13.8,20.87,0.0,0.0
2021-03-10,34.3,0.0,10.8,19.09,0.0,0.0
2021-03-11,33.6,0.0,12.1,18.82,0.0,0.0
2021-03-12,34.2,2.5,21.8,16.64,2.5,2.5
2021-03-13,28.4,4.8,18.7,18.53,7.3,7.3
2021-03-14,31.3,0.0,13.2,23.31,7.3,7.3
2021-03-15,32.2,0.0,14.7,23.05,4.8,7.3
2021-03-16,33.1,0.0,14.1,23.64,0.0,7.3
2021-03-17,33.6,0.0,14.8,21.53,0.0,7.3
2021-03-18,34.2,0.0,13.4,22.57,0.0,7.3
2021-03-19,34.4,0.0,9.0,21.82,0.0,4.8
2021-03-20,33.4,0.0,15.6,20.9,0.0,0.0
2021-03-21,34.3,0.0,14.5,22.46,0.0,0.0
2021-03-22,34.9,0.0,11.4,22.05,0.0,0.0
2021-03-23,35.8,0.8,13.0,19.95,0.8,0.8
2021-03-24,35.0,0.0,16.4,22.77,0.8,0.8
2021-03-25,34.5,0.0,9.2,21.91,0.8,0.8
2021-03-26,35.3,0.0,17.3,24.3,0.0,0.8
2021-03-27,34.4,0.0,13.4,23.8,0.0,0.8
2021-03-28,35.5,0.0,12.3,23.76,0.0,0.8
2021-03-29,36.1,0.0,18.3,22.4,0.0,0.8
2021-03-30,38.4,0.0,22.9,24.65,0.0,0.0
2021-03-31,37.4,0.0,22.3,25.62,0.0,0.0
2021-04-01,37.3,0.0,17.1,25.76,0.0,0.0
2021-04-02,37.0,0.0,13.7,25.77,0.0,0.0
2021-04-03,36.4,0.0,15.3,22.1,0.0,0.0
2021-04-04,35.7,0.0,12.6,23.36,0.0,0.0
2021-04-05,35.9,0.0,14.1,25.35,0.0,0.0
2021-04-06,36.5,0.0,12.1,22.97,0.0,0.0
2021-04-07,36.7,0.0,13.5,20.98,0.0,0.0
2021-04-08,36.5,0.0,17.9,21.4,0.0,0.0
2021-04-09,33.4,0.0,12.3,14.27,0.0,0.0
2021-04-10,34.9,5.3,10.7,20.43,5.3,5.3
2021-04-11,36.1,2.3,21.9,19.98,7.6,7.6
2021-04-12,34.8,0.2,17.7,21.45,7.8,7.8
2021-04-13,36.1,0.0,13.0,25.24,2.5,7.8
2021-04-14,36.3,0.0,15.8,21.36,0.2,7.8
2021-04-15,35.1,0.0,23.0,18.8,0.0,7.8
2021-04-16,34.0,0.0,18.1,18.34,0.0,7.8
2021-04-17,36.1,0.0,11.3,23.08,0.0,2.5
2021-04-18,33.7,0.5,15.8,21.28,0.5,0.7
2021-04-19,35.0,0.0,14.1,22.72,0.5,0.5
2021-04-20,36.0,0.0,12.9,21.72,0.5,0.5
2021-04-21,36.9,0.2,22.4,21.07,0.2,0.7
2021-04-22,36.5,0.0,11.8,21.44,0.2,0.7
2021-04-23,35.0,0.0,11.2,23.79,0.2,0.7
2021-04-24,36.4,0.0,11.7,24.91,0.0,0.7
2021-04-25,37.0,0.0,14.8,22.36,0.0,0.2
2021-04-26,37.5,0.0,13.4,25.25,0.0,0.2
2021-04-27,37.3,0.0,11.7,26.37,0.0,0.2
2021-04-28,37.8,0.0,10.5,25.35,0.0,0.0
2021-04-29,37.3,0.0,20.2,22.48,0.0,0.0
2021-04-30,36.3,0.1,14.0,23.01,0.1,0.1
2021-05-01,36.1,0.0,16.3,23.82,0.1,0.1
2021-05-02,36.3,0.0,14.1,19.93,0.1,0.1
2021-05-03,33.7,1.6,15.7,20.8,1.6,1.7000000000000002
2021-05-04,32.2,13.4,21.1,19.84,15.0,15.100000000000001
2021-05-05,33.3,3.5,13.2,22.56,18.5,18.6
2021-05-06,34.2,3.3,10.5,22.44,20.2,21.9
2021-05-07,31.2,4.6,11.4,20.89,11.399999999999999,26.4
2021-05-08,31.8,0.7,11.9,22.81,8.6,27.099999999999998
2021-05-09,33.7,9.7,12.5,21.2,15.0,36.8
2021-05-10,32.3,1.6,12.1,22.88,12.0,36.8
2021-05-11,30.3,0.9,19.2,20.98,12.200000000000001,24.299999999999997
2021-05-12,33.5,3.9,12.3,22.62,6.400000000000002,24.699999999999996
2021-05-13,31.4,6.0,14.0,17.78,10.800000000000002,27.4
2021-05-14,34.1,0.0,14.4,23.58,9.900000000000002,22.799999999999997
2021-05-15,34.7,0.7,13.2,21.36,6.700000000000002,22.8
2021-05-16,35.4,3.1,13.3,21.59,3.8000000000000016,16.2
2021-05-17,35.5,0.0,8.0,23.79,3.8000000000000016,14.599999999999998
2021-05-18,34.9,0.1,10.7,22.36,3.2000000000000015,13.799999999999999
2021-05-19,35.0,0.0,9.0,21.23,0.10000000000000178,9.899999999999999
2021-05-20,34.5,10.6,15.0,22.18,10.700000000000001,14.499999999999998
2021-05-21,31.7,17.2,9.0,20.0,27.8,31.699999999999996
2021-05-22,33.6,0.1,9.8,23.33,27.900000000000002,31.1
2021-05-23,34.0,0.0,12.7,25.06,17.300000000000004,28.0
2021-05-24,33.5,0.0,19.8,22.5,0.1,28.0
2021-05-25,28.0,15.4,23.6,11.36,15.4,43.3
2021-05-26,23.2,171.9,35.1,1.37,187.3,215.2
2021-05-27,25.1,60.7,27.8,6.44,248.0,265.3
2021-05-28,32.7,0.2,14.5,23.34,232.8,248.3
2021-05-29,34.2,0.5,13.6,24.15,61.400000000000006,248.70000000000002
2021-05-30,33.7,0.2,12.5,22.96,0.9,248.9
2021-05-31,34.1,0.0,13.9,22.52,0.7,248.9
2021-06-01,34.0,0.6,9.8,19.16,0.8,234.10000000000002
2021-06-02,32.5,0.7,10.0,18.89,1.2999999999999998,62.900000000000006
2021-06-03,32.1,0.8,8.3,21.42,2.1,3.0
2021-06-04,33.6,0.1,11.7,22.89,1.5999999999999999,2.9
2021-06-05,33.7,0.1,15.5,23.68,1.0,2.5
2021-06-06,33.2,1.5,15.0,22.61,1.7,3.8
2021-06-07,34.3,0.9,17.6,22.81,2.5,4.7
2021-06-08,32.3,8.1,16.6,21.7,10.5,12.2
2021-06-09,30.4,6.2,14.3,14.28,15.2,17.7
2021-06-10,30.2,20.4,10.1,14.48,34.699999999999996,37.3
2021-06-11,29.5,9.2,8.1,13.43,35.8,46.39999999999999
2021-06-12,28.8,20.0,12.4,14.17,49.599999999999994,66.3
2021-06-13,28.5,18.4,7.9,11.52,47.599999999999994,83.19999999999999
2021-06-14,28.6,26.6,13.0,9.54,65.0,108.9
2021-06-15,26.6,38.0,19.0,5.97,83.0,138.8
2021-06-16,25.2,43.8,22.0,6.06,108.4,176.4
2021-06-17,25.1,26.8,20.4,5.12,108.6,182.8
2021-06-18,26.8,20.4,15.8,9.92,90.99999999999999,194.0
2021-06-19,25.9,2.9,23.6,7.3,50.099999999999994,176.9
2021-06-20,28.7,2.3,18.1,10.39,25.59999999999999,160.8
2021-06-21,31.6,2.1,13.7,19.69,7.299999999999993,136.3
2021-06-22,28.1,5.1,11.2,9.83,9.499999999999993,103.39999999999999
2021-06-23,29.3,17.6,11.5,15.94,24.799999999999994,77.2
2021-06-24,28.6,1.4,17.4,18.31,24.099999999999994,51.800000000000004
2021-06-25,29.4,4.2,11.0,17.96,23.199999999999996,35.6
2021-06-26,29.1,4.8,9.5,15.97,10.399999999999991,37.5
2021-06-27,30.4,2.2,15.6,21.54,11.199999999999992,37.4
2021-06-28,31.4,2.5,11.7,21.55,9.499999999999993,37.800000000000004
2021-06-29,30.7,0.0,17.4,19.8,4.699999999999993,32.7
2021-06-30,31.4,0.3,22.2,21.27,2.7999999999999927,15.4
2021-07-01,32.0,1.6,17.3,20.99,1.899999999999993,15.6
2021-07-02,28.9,2.2,20.0,15.25,4.099999999999993,13.600000000000001
2021-07-03,29.1,0.9,17.1,15.51,4.699999999999994,9.7
2021-07-04,28.6,16.1,15.1,14.22,19.199999999999996,23.6
2021-07-05,30.0,2.8,11.2,16.08,19.799999999999997,23.900000000000002
2021-07-06,30.9,5.0,10.0,17.06,23.899999999999995,28.900000000000002
2021-07-07,32.0,29.2,13.1,17.86,36.99999999999999,57.8
2021-07-08,27.6,12.3,14.1,9.1,46.5,68.5
2021-07-09,28.6,11.6,9.3,17.06,53.099999999999994,77.89999999999999
2021-07-10,29.9,3.0,11.0,17.54,26.89999999999999,80.0
2021-07-11,29.8,6.5,13.0,18.42,21.099999999999994,70.39999999999999
2021-07-12,29.9,10.1,15.6,16.64,19.599999999999994,77.7
2021-07-13,28.9,5.7,15.8,17.84,22.299999999999994,78.4
2021-07-14,29.3,3.1,18.1,19.49,18.89999999999999,52.3
2021-07-15,29.8,1.2,14.8,20.43,9.999999999999993,41.2
2021-07-16,31.2,0.7,10.4,20.12,4.999999999999993,30.299999999999997
2021-07-17,31.1,4.3,8.3,18.36,6.199999999999992,31.599999999999998
2021-07-18,31.8,8.7,11.2,21.95,13.699999999999992,33.8
2021-07-19,30.5,5.4,11.2,14.54,18.39999999999999,29.1
2021-07-20,29.4,7.6,11.6,10.03,21.699999999999992,31.0
2021-07-21,27.4,24.0,12.6,11.18,36.99999999999999,51.9
2021-07-22,29.5,7.8,15.1,18.08,39.39999999999999,58.49999999999999
2021-07-23,25.4,56.2,23.3,4.92,88.0,114.0
2021-07-24,29.6,4.0,15.8,14.44,68.0,113.7
2021-07-25,30.7,1.5,14.8,19.16,61.699999999999996,106.5
2021-07-26,29.9,1.1,24.5,18.49,6.5999999999999925,102.19999999999999
2021-07-27,26.0,12.8,21.2,7.59,15.399999999999993,107.4
2021-07-28,26.9,3.2,28.0,15.2,17.099999999999994,86.6
2021-07-29,27.8,10.4,24.1,14.85,26.39999999999999,89.2
2021-07-30,24.9,19.8,26.1,6.33,33.39999999999999,52.8
2021-07-31,28.0,7.3,24.7,13.68,37.49999999999999,56.1
2021-08-01,29.4,1.0,19.5,17.15,28.099999999999994,55.6
2021-08-02,29.1,1.7,17.4,13.11,9.999999999999993,56.199999999999996
2021-08-03,28.3,1.0,19.7,12.11,3.699999999999993,44.4
2021-08-04,28.3,6.5,15.4,12.66,9.199999999999992,47.7
2021-08-05,28.6,4.3,11.9,12.99,11.799999999999994,41.6
2021-08-06,30.4,4.6,12.7,17.25,15.399999999999991,26.4
2021-08-07,29.0,10.2,14.1,15.38,19.09999999999999,29.299999999999997
2021-08-08,28.7,5.0,14.4,12.2,19.79999999999999,33.3
2021-08-09,29.6,2.2,18.0,18.37,17.39999999999999,33.8
2021-08-10,30.3,3.4,18.4,19.71,10.599999999999993,36.199999999999996
2021-08-11,30.4,1.0,14.3,19.81,6.5999999999999925,30.7
2021-08-12,29.5,4.3,14.4,16.36,8.699999999999992,30.699999999999996
2021-08-13,30.4,10.6,10.0,14.88,15.899999999999993,36.7
2021-08-14,30.9,12.9,8.9,16.54,27.799999999999994,39.4
2021-08-15,29.3,6.9,9.4,16.08,30.39999999999999,41.3
2021-08-16,30.9,4.3,12.3,19.85,24.099999999999994,43.4
2021-08-17,29.1,5.4,13.1,16.13,16.599999999999994,45.4
2021-08-18,26.6,6.2,9.1,7.66,15.899999999999995,50.6
2021-08-19,28.8,18.5,10.9,14.75,30.099999999999994,64.80000000000001
2021-08-20,28.6,4.5,16.6,16.66,29.199999999999996,58.7
2021-08-21,30.0,0.5,13.0,18.1,23.499999999999993,46.300000000000004
2021-08-22,30.7,4.5,11.0,20.29,9.499999999999993,43.900000000000006
2021-08-23,30.2,4.0,14.3,19.36,8.999999999999993,43.6
2021-08-24,29.5,4.3,15.1,16.58,12.799999999999994,42.5
2021-08-25,30.7,3.3,16.6,18.03,11.599999999999993,39.6
2021-08-26,28.2,3.6,13.6,10.82,11.199999999999992,24.7
2021-08-27,28.9,9.2,9.0,11.98,16.09999999999999,29.4
2021-08-28,29.4,12.6,13.7,16.43,25.39999999999999,41.5
2021-08-29,29.1,3.3,17.8,18.01,25.09999999999999,40.3
2021-08-30,28.6,4.8,17.8,15.91,20.69999999999999,41.099999999999994
2021-08-31,28.5,4.2,18.2,18.0,12.29999999999999,41.0
2021-09-01,30.4,1.1,9.8,20.5,10.09999999999999,38.8
2021-09-02,30.6,0.2,7.3,18.39,5.499999999999991,35.4
2021-09-03,31.1,2.3,7.6,19.25,3.599999999999991,28.5
2021-09-04,30.5,3.6,9.4,18.97,6.099999999999991,19.5
2021-09-05,31.0,3.8,12.6,21.21,9.69999999999999,20.0
2021-09-06,28.7,7.9,27.1,17.31,15.29999999999999,23.1
2021-09-07,27.4,7.6,22.4,16.27,19.29999999999999,26.5
2021-09-08,27.2,10.8,18.2,12.9,26.29999999999999,36.2
2021-09-09,28.8,9.4,6.9,14.89,27.79999999999999,45.4
2021-09-10,29.7,6.5,8.0,19.12,26.69999999999999,49.6
2021-09-11,26.9,30.3,22.3,8.84,46.19999999999999,76.3
2021-09-12,28.5,21.3,19.1,16.03,58.099999999999994,93.8
2021-09-13,25.3,77.4,32.0,6.56,129.0,163.3
2021-09-14,26.7,58.7,30.2,6.98,157.39999999999998,214.4
2021-09-15,29.0,18.4,14.8,8.14,154.5,222.0
2021-09-16,28.4,8.5,9.7,12.64,85.6,221.10000000000002
2021-09-17,29.9,1.9,8.3,18.55,28.799999999999983,216.50000000000003
2021-09-18,29.8,9.4,10.8,13.71,19.799999999999986,195.6
2021-09-19,28.0,8.9,7.3,9.66,20.19999999999999,183.2
2021-09-20,27.0,11.0,8.9,10.29,29.29999999999999,116.8
2021-09-21,25.5,45.5,19.5,6.88,65.39999999999999,103.6
2021-09-22,25.6,24.1,13.7,5.99,80.6,109.3
2021-09-23,28.4,2.7,14.4,15.86,72.3,103.50000000000001
2021-09-24,30.0,0.7,9.8,20.09,27.499999999999993,102.30000000000001
2021-09-25,30.3,1.8,14.8,19.59,5.199999999999993,94.7
2021-09-26,29.2,5.3,22.7,18.21,7.799999999999993,91.10000000000001
2021-09-27,28.2,5.9,17.0,15.62,12.999999999999993,86.00000000000001
2021-09-28,29.0,8.3,11.8,13.72,19.499999999999993,48.800000000000004
2021-09-29,28.5,5.1,11.6,12.78,19.299999999999994,29.8
2021-09-30,27.4,16.8,13.5,10.08,30.199999999999996,43.900000000000006
2021-10-01,30.0,6.6,11.0,16.67,28.499999999999993,49.8
2021-10-02,28.9,0.5,15.8,13.34,23.89999999999999,48.5
2021-10-03,30.5,5.0,14.4,18.44,12.099999999999993,48.2
2021-10-04,30.8,2.9,10.3,19.33,8.399999999999993,45.199999999999996
2021-10-05,29.6,4.7,7.9,13.98,12.599999999999993,41.6
2021-10-06,29.2,1.8,5.2,16.89,9.399999999999993,38.3
2021-10-07,30.6,0.7,6.9,18.93,7.199999999999992,22.2
2021-10-08,30.2,1.7,7.9,18.01,4.199999999999993,17.3
2021-10-09,30.6,0.0,8.0,19.48,2.3999999999999932,16.8
2021-10-10,30.7,0.0,6.6,19.53,1.6999999999999929,11.799999999999999
2021-10-11,30.1,0.7,8.2,18.04,0.6999999999999929,9.6
2021-10-12,30.4,1.2,7.0,18.03,1.8999999999999928,6.1
2021-10-13,31.3,0.0,10.2,20.17,1.8999999999999928,4.3
2021-10-14,27.4,2.9,13.1,10.77,4.0999999999999925,6.5
2021-10-15,30.4,1.7,13.1,18.1,4.5999999999999925,6.5
2021-10-16,29.8,2.8,13.7,13.78,7.399999999999992,9.3
2021-10-17,25.4,10.9,17.3,7.26,15.399999999999993,20.2
2021-10-18,24.4,25.3,10.1,3.6,38.99999999999999,44.8
2021-10-19,28.2,11.2,11.9,11.87,47.39999999999999,54.8
2021-10-20,29.4,1.1,11.5,17.38,37.599999999999994,55.9
2021-10-21,29.1,0.0,14.1,18.87,12.299999999999995,53.0
2021-10-22,28.8,0.0,13.3,20.93,1.0999999999999965,51.300000000000004
2021-10-23,28.7,0.0,9.3,20.73,0.0,48.5
2021-10-24,28.2,0.0,6.8,20.18,0.0,37.6
2021-10-25,28.1,0.0,7.2,18.71,0.0,12.299999999999999
2021-10-26,27.9,0.0,8.2,18.41,0.0,1.1
2021-10-27,26.7,1.2,17.4,17.07,1.1999999999999964,1.2
2021-10-28,26.8,0.0,17.1,18.68,1.1999999999999964,1.2
2021-10-29,26.7,0.0,16.8,15.55,1.1999999999999964,1.2
2021-10-30,27.6,0.0,10.2,18.09,0.0,1.2
2021-10-31,27.3,0.2,8.6,15.65,0.19999999999999646,1.4
2021-11-01,27.9,0.3,5.8,16.74,0.49999999999999645,1.7
2021-11-02,26.8,0.7,5.2,15.98,1.1999999999999964,2.4
2021-11-03,27.2,0.0,7.1,17.65,0.9999999999999964,1.2
2021-11-04,27.3,0.0,7.0,17.17,0.6999999999999964,1.2
2021-11-05,26.8,0.0,7.9,18.96,0.0,1.2
2021-11-06,26.3,0.0,8.3,19.14,0.0,1.2
2021-11-07,26.4,0.0,7.2,18.94,0.0,1.0
2021-11-08,26.8,0.0,9.1,18.85,0.0,0.7
2021-11-09,27.1,0.0,8.6,18.61,0.0,0.0
2021-11-10,27.4,0.0,7.9,18.24,0.0,0.0
2021-11-11,27.2,0.0,9.4,16.94,0.0,0.0
2021-11-12,28.1,8.3,10.8,12.9,8.299999999999997,8.3
2021-11-13,22.9,17.5,7.5,4.26,25.799999999999997,25.8
2021-11-14,25.8,17.5,7.7,7.49,43.3,43.3
2021-11-15,23.5,2.9,10.0,5.66,37.9,46.2
2021-11-16,24.1,0.0,10.6,10.39,20.399999999999995,46.2
2021-11-17,25.3,0.0,11.5,16.85,2.8999999999999964,46.2
2021-11-18,26.2,0.0,7.9,16.91,0.0,46.2
2021-11-19,26.8,0.0,8.4,16.28,0.0,37.900000000000006
2021-11-20,27.9,0.0,5.5,13.82,0.0,20.4
2021-11-21,27.4,1.2,7.5,13.07,1.1999999999999964,4.1
2021-11-22,28.3,0.1,7.4,14.85,1.2999999999999965,1.3
2021-11-23,28.4,0.0,8.2,16.48,1.2999999999999965,1.3
2021-11-24,27.7,0.0,6.6,15.62,0.09999999999999645,1.3
2021-11-25,27.5,0.0,10.1,15.92,0.0,1.3
2021-11-26,26.3,0.1,7.9,15.17,0.09999999999999645,1.4
2021-11-27,25.3,0.0,8.0,16.62,0.09999999999999645,1.4
2021-11-28,24.3,0.0,9.0,16.94,0.09999999999999645,0.2
2021-11-29,24.6,0.0,8.2,16.64,0.0,0.1
2021-11-30,24.0,0.0,9.7,16.58,0.0,0.1
2021-12-01,24.1,0.0,11.2,16.54,0.0,0.1
2021-12-02,25.0,0.0,9.2,16.41,0.0,0.1
2021-12-03,24.3,0.0,7.6,12.39,0.0,0.0
2021-12-04,19.4,1.9,12.0,2.76,1.8999999999999964,1.9
2021-12-05,20.3,17.5,17.9,4.44,19.399999999999995,19.4
2021-12-06,24.3,0.1,13.6,12.57,19.499999999999996,19.5
2021-12-07,24.7,0.0,11.1,14.88,17.599999999999998,19.5
2021-12-08,24.4,0.0,12.2,15.53,0.09999999999999645,19.5
2021-12-09,23.2,0.9,13.4,10.11,0.8999999999999965,20.4
2021-12-10,25.5,0.0,5.9,14.91,0.8999999999999965,20.4
2021-12-11,23.8,0.2,7.3,13.27,1.0999999999999965,18.7
2021-12-12,23.2,0.0,8.2,14.23,0.19999999999999646,1.2
2021-12-13,23.3,0.0,8.1,15.43,0.19999999999999646,1.0999999999999999
2021-12-14,22.9,0.0,7.8,15.42,0.0,1.0999999999999999
2021-12-15,22.8,0.0,8.1,15.19,0.0,1.0999999999999999
2021-12-16,21.5,0.0,12.4,15.75,0.0,0.2
2021-12-17,23.2,0.0,11.0,15.97,0.0,0.2
2021-12-18,23.5,0.0,11.6,14.68,0.0,0.0
2021-12-19,21.6,0.0,11.0,15.76,0.0,0.0
2021-12-20,18.8,0.0,8.4,16.41,0.0,0.0
2021-12-21,20.2,0.0,9.8,16.35,0.0,0.0
2021-12-22,21.5,0.0,9.9,16.17,0.0,0.0
2021-12-23,22.4,0.0,6.4,15.97,0.0,0.0
2021-12-24,23.8,0.0,6.4,15.77,0.0,0.0
2021-12-25,25.0,0.1,8.3,14.46,0.09999999999999645,0.1
2021-12-26,24.9,0.5,7.7,13.62,0.5999999999999964,0.6
2021-12-27,24.2,0.0,6.2,12.03,0.5999999999999964,0.6
2021-12-28,23.3,3.7,10.5,12.38,4.199999999999997,4.3
2021-12-29,19.4,15.5,11.6,3.36,19.199999999999996,19.8
2021-12-30,22.3,0.8,8.0,13.21,19.999999999999996,20.6
2021-12-31,21.9,0.0,7.9,12.6,16.299999999999997,20.6
2022-01-01,21.5,0.0,7.7,15.8,0.7999999999999965,20.5
2022-01-02,21.4,0.0,9.0,15.88,0.0,20.0
2022-01-03,22.5,0.0,9.6,16.33,0.0,20.0
2022-01-04,22.9,0.0,8.7,16.21,0.0,16.3
2022-01-05,24.2,0.0,6.9,16.08,0.0,0.8
2022-01-06,25.1,0.0,7.4,15.9,0.0,0.0
2022-01-07,24.1,0.0,8.7,16.09,0.0,0.0
2022-01-08,24.9,0.0,7.6,16.04,0.0,0.0
2022-01-09,25.0,0.0,6.7,15.84,0.0,0.0
2022-01-10,20.7,0.4,6.5,5.54,0.39999999999999647,0.4
2022-01-11,20.9,17.6,10.5,5.85,17.999999999999996,18.0
2022-01-12,21.0,5.9,14.1,9.25,23.9,23.9
2022-01-13,21.5,3.8,6.6,12.66,27.299999999999997,27.7
2022-01-14,18.6,14.9,10.9,5.14,24.599999999999998,42.6
2022-01-15,19.9,1.5,8.2,11.32,20.199999999999996,44.1
2022-01-16,21.3,0.0,9.1,14.42,16.4,44.1
2022-01-17,21.3,0.0,8.9,17.17,1.4999999999999964,43.7
2022-01-18,21.4,0.0,7.6,17.42,0.0,26.1
2022-01-19,22.0,0.0,8.9,17.5,0.0,20.200000000000003
2022-01-20,22.7,0.0,10.5,17.43,0.0,16.400000000000002
2022-01-21,23.3,0.2,10.1,14.76,0.19999999999999646,1.7
2022-01-22,24.4,0.0,10.0,17.05,0.19999999999999646,0.2
2022-01-23,23.3,2.3,13.6,8.26,2.4999999999999964,2.5
2022-01-24,23.0,0.1,14.4,15.65,2.3999999999999964,2.6
2022-01-25,23.0,0.3,8.7,13.84,2.699999999999996,2.9
2022-01-26,22.1,1.4,12.7,13.5,1.7999999999999963,4.3
2022-01-27,20.1,0.0,9.1,18.27,1.6999999999999962,4.3
2022-01-28,19.4,0.0,10.4,18.73,1.3999999999999964,4.1
2022-01-29,21.4,0.0,10.7,18.71,0.0,4.1
2022-01-30,23.1,0.0,9.5,18.96,0.0,1.7999999999999998
2022-01-31,24.9,0.0,11.3,18.96,0.0,1.6999999999999997
2022-02-01,24.7,0.0,13.4,18.86,0.0,1.4
2022-02-02,26.3,0.0,11.3,18.91,0.0,0.0
2022-02-03,26.7,0.0,15.1,18.15,0.0,0.0
2022-02-04,22.1,18.0,21.1,11.7,17.999999999999996,18.0
2022-02-05,21.4,0.0,14.9,19.98,17.999999999999996,18.0
2022-02-06,23.4,0.0,12.3,19.62,17.999999999999996,18.0
2022-02-07,24.8,0.0,11.1,19.65,0.0,18.0
2022-02-08,25.1,0.0,11.6,19.8,0.0,18.0
2022-02-09,26.5,0.0,12.6,18.17,0.0,18.0
2022-02-10,24.0,2.4,11.2,11.36,2.3999999999999964,20.4
2022-02-11,23.2,0.0,13.8,19.79,2.3999999999999964,2.4
2022-02-12,22.9,0.0,11.3,20.85,2.3999999999999964,2.4
2022-02-13,23.5,0.0,9.0,20.66,0.0,2.4
2022-02-14,24.8,0.0,8.1,20.71,0.0,2.4
2022-02-15,25.4,0.0,12.0,20.68,0.0,2.4
2022-02-16,26.2,0.0,11.3,20.2,0.0,2.4
2022-02-17,25.8,0.0,12.2,17.06,0.0,0.0
2022-02-18,26.6,0.0,12.0,20.34,0.0,0.0
2022-02-19,27.0,0.0,14.4,20.18,0.0,0.0
2022-02-20,25.3,1.1,18.4,14.52,1.0999999999999965,1.1
2022-02-21,26.8,0.0,18.4,21.38,1.0999999999999965,1.1
2022-02-22,27.4,0.0,8.2,21.49,1.0999999999999965,1.1
2022-02-23,29.1,0.0,7.6,20.85,0.0,1.1
2022-02-24,30.7,0.0,10.5,19.92,0.0,1.1
2022-02-25,29.5,0.2,14.2,18.78,0.19999999999999646,1.3
2022-02-26,29.4,0.0,8.9,19.96,0.19999999999999646,1.3
2022-02-27,29.9,0.2,16.4,18.57,0.39999999999999647,0.4
2022-02-28,29.8,0.1,14.3,19.97,0.2999999999999965,0.5
2022-03-01,29.5,0.0,10.1,19.32,0.2999999999999965,0.5
2022-03-02,29.9,0.0,8.7,21.03,0.09999999999999645,0.5
2022-03-03,30.5,0.0,10.4,21.33,0.0,0.5
2022-03-04,30.4,0.0,9.4,22.05,0.0,0.30000000000000004
2022-03-05,29.9,0.0,14.1,20.2,0.0,0.30000000000000004
2022-03-06,29.5,0.0,11.3,22.36,0.0,0.1
2022-03-07,30.2,0.0,8.3,22.59,0.0,0.0
2022-03-08,30.6,0.0,10.1,22.89,0.0,0.0
2022-03-09,31.2,0.0,10.5,22.99,0.0,0.0
2022-03-10,30.9,0.0,9.7,23.04,0.0,0.0
2022-03-11,31.1,0.0,13.8,22.34,0.0,0.0
2022-03-12,31.1,0.0,12.7,22.88,0.0,0.0
2022-03-13,31.2,0.0,11.9,23.49,0.0,0.0
2022-03-14,32.8,0.0,8.8,23.53,0.0,0.0
2022-03-15,33.7,0.0,10.0,23.42,0.0,0.0
2022-03-16,34.6,0.0,10.5,23.46,0.0,0.0
2022-03-17,35.7,0.0,10.5,20.02,0.0,0.0
2022-03-18,34.1,0.0,11.5,22.38,0.0,0.0
2022-03-19,34.9,0.0,10.1,23.74,0.0,0.0
2022-03-20,35.7,0.0,13.9,23.03,0.0,0.0
2022-03-21,33.9,0.0,10.9,17.14,0.0,0.0
2022-03-22,34.7,0.0,15.3,18.78,0.0,0.0
2022-03-23,34.7,0.0,14.8,23.84,0.0,0.0
2022-03-24,35.3,0.0,15.9,23.82,0.0,0.0
2022-03-25,34.4,0.0,18.1,17.54,0.0,0.0
2022-03-26,34.3,0.1,16.6,19.37,0.09999999999999645,0.1
2022-03-27,34.8,0.0,14.3,24.75,0.09999999999999645,0.1
2022-03-28,34.8,0.0,16.8,25.11,0.09999999999999645,0.1
2022-03-29,36.0,0.0,12.3,25.07,0.0,0.1
2022-03-30,36.9,0.0,16.2,25.04,0.0,0.1
2022-03-31,36.9,0.0,13.7,24.24,0.0,0.1
2022-04-01,37.1,0.0,14.4,24.25,0.0,0.1
2022-04-02,37.2,0.0,10.8,23.54,0.0,0.0
2022-04-03,36.3,0.0,13.2,23.62,0.0,0.0
2022-04-04,37.3,0.0,15.2,23.82,0.0,0.0
2022-04-05,36.5,0.0,13.6,22.9,0.0,0.0
2022-04-06,36.9,0.0,13.4,24.76,0.0,0.0
2022-04-07,36.3,0.0,9.5,22.52,0.0,0.0
2022-04-08,36.7,0.0,18.1,21.82,0.0,0.0
2022-04-09,36.8,0.0,19.5,23.81,0.0,0.0
2022-04-10,36.7,0.0,20.9,22.83,0.0,0.0
2022-04-11,37.7,0.0,21.1,24.34,0.0,0.0
2022-04-12,37.9,0.0,14.4,22.99,0.0,0.0
2022-04-13,37.6,0.0,16.6,21.63,0.0,0.0
2022-04-14,36.3,1.2,19.6,22.04,1.1999999999999964,1.2
2022-04-15,36.7,0.0,17.0,22.78,1.1999999999999964,1.2
2022-04-16,37.5,0.0,18.4,23.66,1.1999999999999964,1.2
2022-04-17,37.6,0.0,17.7,24.3,0.0,1.2
2022-04-18,39.0,0.0,21.1,25.03,0.0,1.2
2022-04-19,38.3,0.0,16.6,23.78,0.0,1.2
2022-04-20,38.0,0.0,13.4,22.81,0.0,1.2
2022-04-21,37.8,3.8,18.1,21.92,3.7999999999999963,3.8
2022-04-22,33.3,0.9,17.1,22.03,4.699999999999997,4.7
2022-04-23,36.2,0.0,12.7,24.18,4.699999999999997,4.7
2022-04-24,37.6,0.0,16.7,24.77,0.8999999999999965,4.7
2022-04-25,38.5,0.0,11.3,24.46,0.0,4.7
2022-04-26,39.6,0.0,19.5,25.36,0.0,4.7
2022-04-27,38.7,0.0,14.9,23.93,0.0,4.7
2022-04-28,39.9,0.0,13.0,25.02,0.0,0.9
2022-04-29,39.3,0.0,21.1,24.09,0.0,0.0
2022-04-30,38.4,0.0,15.5,22.41,0.0,0.0
2022-05-01,37.6,0.4,22.1,21.99,0.39999999999999647,0.4
2022-05-02,36.4,0.7,17.5,23.17,1.0999999999999965,1.1
2022-05-03,36.2,0.7,23.6,23.4,1.7999999999999963,1.7999999999999998
2022-05-04,35.8,0.1,13.6,23.93,1.4999999999999964,1.9
2022-05-05,33.4,1.4,17.1,21.24,2.199999999999996,3.3
2022-05-06,35.4,0.0,12.5,22.54,1.4999999999999962,3.3
2022-05-07,35.4,0.0,14.0,24.52,1.3999999999999961,3.3
2022-05-08,35.8,0.0,21.9,24.58,0.0,2.9
2022-05-09,33.9,0.0,16.1,22.46,0.0,2.1999999999999997
2022-05-10,32.3,4.3,14.8,16.86,4.299999999999996,5.8
2022-05-11,31.0,15.1,14.1,14.11,19.399999999999995,20.799999999999997
2022-05-12,33.5,0.2,14.9,22.5,19.599999999999998,19.6
2022-05-13,35.5,0.0,18.9,24.15,15.299999999999995,19.6
2022-05-14,37.2,0.0,18.3,25.04,0.19999999999999823,19.6
2022-05-15,37.4,12.6,15.6,24.79,12.599999999999998,32.2
2022-05-16,36.3,0.0,15.5,25.39,12.599999999999998,32.2
2022-05-17,36.1,14.2,18.9,22.84,26.799999999999997,42.099999999999994
2022-05-18,35.5,1.4,14.8,20.45,15.599999999999998,28.399999999999995
2022-05-19,34.6,18.0,17.3,16.52,33.599999999999994,46.199999999999996
2022-05-20,35.5,2.5,15.0,24.64,21.9,48.699999999999996
2022-05-21,36.6,2.2,20.6,23.68,22.7,50.9
2022-05-22,34.3,1.1,12.3,23.87,5.800000000000001,39.39999999999999
2022-05-23,34.8,0.6,17.3,23.49,3.9000000000000004,39.99999999999999
2022-05-24,33.9,0.2,10.6,23.08,1.9000000000000001,26.0
2022-05-25,33.4,0.0,12.0,24.39,0.8,24.6
2022-05-26,34.6,0.0,19.1,24.26,0.2,6.6000000000000005
2022-05-27,33.8,1.6,18.6,23.07,1.6,5.7
2022-05-28,33.8,0.4,18.3,24.08,2.0,3.9000000000000004
2022-05-29,34.7,0.4,15.6,22.71,2.4000000000000004,3.2
2022-05-30,35.4,0.1,15.9,23.55,0.9,2.7
2022-05-31,37.7,0.0,13.3,24.42,0.5,2.5000000000000004
2022-06-01,37.0,0.0,14.7,19.87,0.1,2.5000000000000004
2022-06-02,37.1,0.0,15.8,22.78,0.0,2.5000000000000004
2022-06-03,37.6,0.0,16.8,17.86,0.0,0.9
2022-06-04,38.5,4.5,29.2,21.16,4.5,5.0
2022-06-05,37.6,0.1,13.2,23.73,4.6,4.699999999999999
2022-06-06,37.5,0.3,16.6,23.65,4.9,4.9
2022-06-07,36.6,8.4,15.2,22.94,8.8,13.3
2022-06-08,37.5,0.0,14.2,22.98,8.700000000000001,13.3
2022-06-09,38.8,0.0,22.5,20.34,8.4,13.3
2022-06-10,35.4,11.2,15.2,19.84,11.2,24.5
2022-06-11,34.9,0.0,19.6,23.16,11.2,20.0
2022-06-12,36.2,1.0,22.0,24.04,12.2,20.9
2022-06-13,35.1,1.0,16.7,23.25,2.0,21.6
2022-06-14,34.6,6.0,15.5,22.47,8.0,19.2
2022-06-15,30.4,27.6,11.0,11.07,34.6,46.8
2022-06-16,32.4,3.0,13.0,21.12,36.6,49.8
2022-06-17,29.9,14.6,15.5,14.64,45.2,53.199999999999996
2022-06-18,29.6,15.9,19.8,17.01,33.5,69.10000000000001
2022-06-19,30.5,11.6,19.3,14.48,42.1,79.7
2022-06-20,29.4,12.9,20.1,15.51,40.4,91.60000000000001
2022-06-21,30.6,3.8,15.1,18.93,28.3,89.4
2022-06-22,29.9,6.2,10.8,14.36,22.900000000000002,68.0
2022-06-23,31.1,4.6,7.9,18.82,14.6,69.6
2022-06-24,30.0,12.2,11.9,15.39,23.0,67.2
2022-06-25,29.1,10.5,9.7,17.72,27.299999999999997,61.8
2022-06-26,30.7,1.5,13.7,19.45,24.2,51.7
2022-06-27,31.4,2.4,13.2,22.88,14.4,41.199999999999996
2022-06-28,32.7,0.2,12.4,23.7,4.1,37.6
2022-06-29,31.9,4.1,9.0,20.42,6.699999999999999,35.5
2022-06-30,30.2,9.8,7.9,13.45,14.1,40.699999999999996
2022-07-01,31.2,1.7,11.6,15.73,15.6,30.200000000000003
2022-07-02,29.4,15.5,13.2,13.3,27.0,35.2
2022-07-03,29.1,14.4,8.6,11.3,31.6,48.1
2022-07-04,29.2,1.9,13.9,16.5,31.8,47.6
2022-07-05,30.4,19.5,11.4,19.7,35.8,66.9
2022-07-06,30.3,5.2,15.1,14.12,26.6,68.0
2022-07-07,29.9,6.8,15.0,21.42,31.5,65.0
2022-07-08,30.5,6.8,16.3,17.98,18.8,70.1
2022-07-09,29.1,4.4,20.9,18.98,18.0,59.0
2022-07-10,29.7,6.6,19.1,15.98,17.8,51.199999999999996
2022-07-11,29.4,6.8,20.9,19.18,17.799999999999997,56.1
2022-07-12,28.6,14.8,24.6,15.37,28.200000000000003,51.4
2022-07-13,29.5,11.8,21.5,17.19,33.4,58.0
2022-07-14,28.0,18.0,23.8,11.12,44.6,69.2
2022-07-15,28.6,19.6,18.4,14.85,49.4,82.0
2022-07-16,28.5,9.8,16.5,14.13,47.400000000000006,87.4
2022-07-17,29.4,9.6,22.4,17.25,39.0,90.4
2022-07-18,30.9,2.9,13.4,21.36,22.3,86.50000000000001
2022-07-19,30.0,1.4,18.8,22.82,13.899999999999999,73.1
2022-07-20,30.7,2.7,19.9,21.67,7.0,64.0
2022-07-21,30.8,5.3,10.2,17.93,9.399999999999999,51.300000000000004
2022-07-22,28.3,21.3,10.5,12.92,29.3,53.0
2022-07-23,29.0,9.6,11.5,14.09,36.2,52.800000000000004
2022-07-24,29.0,6.4,13.3,15.13,37.3,49.6
2022-07-25,28.7,6.1,15.2,17.8,22.1,52.800000000000004
2022-07-26,29.6,0.9,13.2,18.24,13.4,52.3
2022-07-27,29.8,1.2,9.1,16.35,8.2,50.800000000000004
2022-07-28,30.2,3.9,13.6,15.6,6.0,49.4
2022-07-29,31.3,7.4,11.8,19.76,12.5,35.5
2022-07-30,31.6,0.7,11.7,19.01,12.0,26.599999999999998
2022-07-31,31.1,1.3,17.2,17.11,9.4,21.5
2022-08-01,30.4,1.4,9.1,14.85,3.4,16.8
2022-08-02,31.3,6.7,7.7,16.56,9.4,22.6
2022-08-03,31.5,1.3,14.3,17.52,9.4,22.7
2022-08-04,29.8,5.0,10.0,15.71,13.0,23.799999999999997
2022-08-05,30.6,2.6,8.2,19.58,8.9,19.0
2022-08-06,30.5,10.0,14.2,16.25,17.6,28.3
2022-08-07,28.0,12.1,20.6,15.12,24.700000000000003,39.1
2022-08-08,29.0,6.0,24.8,17.99,28.1,43.7
2022-08-09,26.2,24.6,24.3,8.28,42.7,61.6
2022-08-10,25.8,26.4,13.8,6.75,57.0,86.7
2022-08-11,26.0,17.2,19.7,8.25,68.2,98.9
2022-08-12,27.3,47.4,14.6,7.47,91.0,143.7
2022-08-13,29.1,23.9,13.7,15.08,88.5,157.6
2022-08-14,26.4,74.4,18.8,7.97,145.70000000000002,219.9
2022-08-15,28.7,2.2,27.5,17.82,100.50000000000001,216.1
2022-08-16,30.4,0.5,16.5,20.96,77.10000000000002,191.99999999999997
2022-08-17,31.0,0.4,17.0,23.05,3.1000000000000143,165.99999999999997
2022-08-18,31.0,4.5,13.4,17.62,5.400000000000015,153.29999999999998
2022-08-19,26.4,75.7,19.4,7.6,80.60000000000002,181.6
2022-08-20,25.4,78.8,29.1,4.43,159.0,236.5
2022-08-21,30.0,6.0,16.6,20.06,160.5,168.09999999999997
2022-08-22,30.4,0.9,12.9,20.18,85.70000000000002,166.79999999999998
2022-08-23,31.1,1.7,11.3,18.66,8.600000000000014,168.0
2022-08-24,28.7,31.9,8.5,11.81,34.500000000000014,199.5
2022-08-25,30.0,1.5,12.9,20.91,35.100000000000016,196.5
2022-08-26,31.8,1.2,10.5,22.73,34.600000000000016,121.99999999999999
2022-08-27,31.2,5.5,9.1,16.49,8.200000000000014,48.69999999999999
2022-08-28,29.9,3.9,12.6,12.68,10.600000000000014,46.59999999999999
2022-08-29,30.4,4.2,10.8,19.5,13.600000000000016,49.89999999999999
2022-08-30,31.5,0.7,9.1,21.18,8.800000000000015,48.899999999999984
2022-08-31,31.1,6.7,15.8,17.88,11.600000000000016,23.69999999999999
2022-09-01,31.4,3.5,12.8,19.57,10.900000000000015,25.69999999999999
2022-09-02,31.6,4.0,10.3,20.76,14.200000000000015,28.499999999999986
2022-09-03,31.5,5.3,13.7,17.17,12.800000000000015,28.299999999999986
2022-09-04,30.2,13.4,12.7,14.58,22.700000000000014,37.79999999999998
2022-09-05,30.9,2.4,14.1,17.17,21.100000000000012,35.999999999999986
2022-09-06,30.8,3.4,11.1,15.63,19.200000000000014,38.69999999999999
2022-09-07,30.6,2.9,11.6,18.39,8.700000000000014,34.899999999999984
2022-09-08,30.1,1.3,18.0,18.51,7.600000000000014,32.69999999999998
2022-09-09,30.2,2.5,20.4,19.58,6.700000000000014,31.199999999999985
2022-09-10,28.2,17.3,21.9,17.72,21.100000000000016,43.19999999999999
2022-09-11,25.6,14.1,18.8,8.51,33.90000000000001,43.899999999999984
2022-09-12,29.4,8.9,14.3,15.57,40.30000000000001,50.39999999999999
2022-09-13,28.2,9.7,15.0,13.78,32.70000000000002,56.69999999999999
2022-09-14,28.6,2.7,14.1,11.98,21.30000000000001,56.499999999999986
2022-09-15,29.4,7.8,13.8,14.8,20.200000000000014,62.999999999999986
2022-09-16,29.6,8.0,18.1,17.69,18.500000000000014,68.49999999999999
2022-09-17,30.2,8.3,12.7,18.4,24.100000000000016,59.499999999999986
2022-09-18,30.3,10.8,9.4,16.85,27.100000000000016,56.19999999999999
2022-09-19,28.2,11.7,15.5,15.85,30.800000000000015,58.999999999999986
2022-09-20,28.2,11.0,13.6,11.76,33.500000000000014,60.29999999999998
2022-09-21,29.3,2.4,12.1,14.99,25.100000000000012,59.999999999999986
2022-09-22,28.1,2.2,13.9,14.31,15.600000000000014,54.399999999999984
2022-09-23,29.3,4.4,7.4,13.37,9.000000000000014,50.79999999999998
2022-09-24,29.8,0.5,10.9,18.75,7.100000000000014,42.999999999999986
2022-09-25,30.3,0.8,7.6,18.53,5.700000000000014,32.999999999999986
2022-09-26,29.3,14.5,8.7,16.31,15.800000000000015,35.79999999999998
2022-09-27,29.3,13.4,10.5,15.16,28.700000000000017,38.19999999999999
2022-09-28,29.9,5.0,4.7,16.77,32.90000000000001,40.79999999999999
2022-09-29,29.8,5.2,13.8,18.06,23.600000000000016,43.79999999999998
2022-09-30,30.5,0.3,7.2,21.06,10.500000000000014,39.69999999999999
2022-10-01,30.5,0.7,10.5,19.71,6.200000000000014,39.899999999999984
2022-10-02,30.5,4.7,12.0,16.49,5.700000000000014,43.79999999999999
2022-10-03,27.3,5.3,14.3,11.95,10.700000000000014,34.59999999999999
2022-10-04,25.9,7.7,17.1,8.38,17.700000000000017,28.899999999999988
2022-10-05,28.7,4.5,17.3,16.78,17.500000000000014,28.399999999999984
2022-10-06,27.4,3.8,20.1,16.18,16.000000000000014,26.999999999999986
2022-10-07,29.1,2.7,16.4,17.54,11.000000000000014,29.399999999999984
2022-10-08,29.8,1.1,12.7,18.93,7.600000000000014,29.799999999999986
2022-10-09,29.7,4.7,14.7,18.48,8.500000000000014,29.799999999999986
2022-10-10,29.7,5.5,11.7,16.93,11.300000000000015,29.999999999999986
2022-10-11,29.2,14.1,13.3,15.27,24.300000000000015,36.399999999999984
2022-10-12,29.3,5.5,9.0,15.07,25.100000000000016,37.399999999999984
2022-10-13,28.3,6.2,6.6,13.71,25.800000000000015,39.79999999999999
2022-10-14,28.8,2.0,13.4,14.85,13.700000000000014,39.09999999999999
2022-10-15,28.2,1.1,13.1,15.78,9.300000000000015,39.09999999999999
2022-10-16,28.9,2.9,9.4,17.4,6.000000000000014,37.29999999999999
2022-10-17,29.0,0.3,9.8,16.92,4.300000000000014,32.09999999999999
2022-10-18,27.1,3.5,8.2,13.28,6.7000000000000135,21.499999999999986
2022-10-19,27.9,0.1,9.6,18.81,3.900000000000014,16.099999999999987
2022-10-20,28.3,0.0,9.7,21.11,3.6000000000000143,9.899999999999986
2022-10-21,28.3,0.0,11.6,21.03,0.10000000000001422,7.899999999999985
2022-10-22,28.6,0.0,13.7,20.5,0.0,6.799999999999985
2022-10-23,28.6,0.0,16.9,19.91,0.0,3.8999999999999857
2022-10-24,27.9,0.1,22.1,17.45,0.10000000000001422,3.699999999999986
2022-10-25,29.5,0.0,8.5,19.86,0.10000000000001422,0.1999999999999858
2022-10-26,29.0,0.0,10.0,19.57,0.10000000000001422,0.0999999999999858
2022-10-27,28.6,0.0,7.9,19.68,0.0,0.0999999999999858
2022-10-28,28.0,0.0,8.2,19.05,0.0,0.0999999999999858
2022-10-29,27.3,0.0,8.6,20.11,0.0,0.0999999999999858
2022-10-30,27.1,0.0,11.0,19.83,0.0,0.0999999999999858
2022-10-31,27.9,0.0,9.4,19.34,0.0,0.0
2022-11-01,29.3,0.0,9.3,16.26,0.0,0.0
2022-11-02,29.3,0.0,9.7,16.88,0.0,0.0
2022-11-03,29.1,0.0,8.6,19.18,0.0,0.0
2022-11-04,29.1,0.0,10.0,19.27,0.0,0.0
2022-11-05,29.0,0.0,7.3,18.15,0.0,0.0
2022-11-06,28.4,0.0,8.0,17.48,0.0,0.0
2022-11-07,28.1,0.0,11.0,15.16,0.0,0.0
2022-11-08,27.5,0.0,9.8,14.29,0.0,0.0
2022-11-09,27.2,0.0,7.4,16.44,0.0,0.0
2022-11-10,27.2,0.0,8.7,17.82,0.0,0.0
2022-11-11,27.2,0.0,9.4,18.18,0.0,0.0
2022-11-12,27.2,0.0,9.9,18.05,0.0,0.0
2022-11-13,26.6,0.0,9.6,18.2,0.0,0.0
2022-11-14,26.2,0.0,8.4,18.22,0.0,0.0
2022-11-15,26.6,0.0,9.3,18.08,0.0,0.0
2022-11-16,26.6,0.0,10.0,17.96,0.0,0.0
2022-11-17,27.1,0.0,8.0,17.86,0.0,0.0
2022-11-18,25.5,0.0,13.0,16.67,0.0,0.0
2022-11-19,25.0,0.0,10.3,17.57,0.0,0.0
2022-11-20,26.0,0.0,9.2,17.17,0.0,0.0
2022-11-21,27.5,0.0,8.0,16.8,0.0,0.0
2022-11-22,27.4,0.0,8.9,17.16,0.0,0.0
2022-11-23,26.8,0.0,8.7,17.12,0.0,0.0
2022-11-24,26.0,0.0,8.9,17.22,0.0,0.0
2022-11-25,25.3,0.0,9.8,17.42,0.0,0.0
2022-11-26,25.4,0.0,9.2,17.33,0.0,0.0
2022-11-27,25.4,0.0,6.2,17.09,0.0,0.0
2022-11-28,25.5,0.0,8.2,16.86,0.0,0.0
2022-11-29,25.7,0.0,8.6,16.33,0.0,0.0
2022-11-30,26.6,0.0,10.5,15.95,0.0,0.0
2022-12-01,26.5,0.0,7.9,16.17,0.0,0.0
2022-12-02,26.8,0.0,7.4,16.35,0.0,0.0
2022-12-03,26.4,0.0,8.4,16.29,0.0,0.0
2022-12-04,26.0,0.0,9.4,16.25,0.0,0.0
2022-12-05,25.2,0.0,9.5,16.2,0.0,0.0
2022-12-06,25.2,0.0,9.1,16.56,0.0,0.0
2022-12-07,24.1,0.0,9.4,16.38,0.0,0.0
2022-12-08,23.5,0.0,10.0,15.5,0.0,0.0
2022-12-09,23.8,0.0,9.0,15.53,0.0,0.0
2022-12-10,22.7,0.0,7.4,5.8,0.0,0.0
2022-12-11,27.0,0.0,8.8,15.36,0.0,0.0
2022-12-12,27.9,0.0,7.4,15.47,0.0,0.0
2022-12-13,28.5,0.0,8.6,15.23,0.0,0.0
2022-12-14,27.9,0.0,9.4,15.12,0.0,0.0
2022-12-15,26.9,0.0,10.5,15.27,0.0,0.0
2022-12-16,26.1,0.0,12.5,16.04,0.0,0.0
2022-12-17,25.0,0.0,9.5,16.29,0.0,0.0
2022-12-18,23.7,0.0,9.6,16.2,0.0,0.0
2022-12-19,24.4,0.0,9.0,16.08,0.0,0.0
2022-12-20,25.4,0.0,8.4,16.13,0.0,0.0
2022-12-21,24.7,0.0,7.5,15.87,0.0,0.0
2022-12-22,25.1,0.0,6.7,15.63,0.0,0.0
2022-12-23,25.6,0.0,9.6,15.93,0.0,0.0
2022-12-24,27.7,0.0,8.5,15.75,0.0,0.0
2022-12-25,28.1,0.0,11.2,15.67,0.0,0.0
2022-12-26,28.2,0.0,13.0,15.54,0.0,0.0
2022-12-27,27.8,0.0,16.6,14.65,0.0,0.0
2022-12-28,26.2,0.0,14.1,15.09,0.0,0.0
2022-12-29,25.2,0.0,11.5,16.11,0.0,0.0
2022-12-30,25.2,0.0,11.0,15.89,0.0,0.0
2022-12-31,26.9,0.0,10.8,15.91,0.0,0.0
2023-01-01,25.3,0.0,8.4,15.11,0.0,0.0
2023-01-02,24.1,0.0,9.4,12.25,0.0,0.0
2023-01-03,25.0,0.0,12.6,13.44,0.0,0.0
2023-01-04,23.7,0.0,11.3,15.6,0.0,0.0
2023-01-05,22.4,0.0,9.4,15.12,0.0,0.0
2023-01-06,22.2,0.0,10.9,17.12,0.0,0.0
2023-01-07,22.1,0.0,10.5,17.02,0.0,0.0
2023-01-08,23.5,0.0,10.2,16.86,0.0,0.0
2023-01-09,24.6,0.0,9.0,16.93,0.0,0.0
2023-01-10,26.3,0.0,11.0,16.85,0.0,0.0
2023-01-11,26.2,0.0,9.2,17.02,0.0,0.0
2023-01-12,26.4,0.0,12.3,17.02,0.0,0.0
2023-01-13,26.6,0.0,11.9,16.83,0.0,0.0
2023-01-14,26.8,0.0,15.9,16.85,0.0,0.0
2023-01-15,26.1,0.0,10.6,16.05,0.0,0.0
2023-01-16,25.5,0.0,13.6,16.87,0.0,0.0
2023-01-17,25.3,0.1,11.6,14.18,0.10000000000001422,0.0999999999999858
2023-01-18,25.3,0.8,12.1,11.54,0.9000000000000142,0.8999999999999858
2023-01-19,24.2,0.3,11.1,11.7,1.2000000000000142,1.1999999999999857
2023-01-20,26.2,0.0,6.5,16.63,1.100000000000014,1.1999999999999857
2023-01-21,26.8,0.0,10.7,17.45,0.3000000000000142,1.1999999999999857
2023-01-22,28.6,0.0,7.4,16.92,0.0,1.1999999999999857
2023-01-23,27.9,0.0,9.4,17.54,0.0,1.1999999999999857
2023-01-24,28.3,0.0,6.9,17.92,0.0,1.0999999999999857
2023-01-25,29.3,0.0,8.9,17.66,0.0,0.2999999999999858
2023-01-26,28.7,0.0,10.5,17.88,0.0,0.0
2023-01-27,28.1,0.0,8.9,17.52,0.0,0.0
2023-01-28,27.3,0.1,7.6,17.1,0.10000000000001422,0.0999999999999858
2023-01-29,27.5,0.0,8.4,18.19,0.10000000000001422,0.0999999999999858
2023-01-30,27.5,0.0,7.9,18.42,0.10000000000001422,0.0999999999999858
2023-01-31,28.1,0.0,9.8,18.15,0.0,0.0999999999999858
2023-02-01,27.7,0.0,11.0,17.97,0.0,0.0999999999999858
2023-02-02,26.0,0.0,9.5,19.68,0.0,0.0999999999999858
2023-02-03,26.9,0.0,11.2,19.85,0.0,0.0999999999999858
2023-02-04,27.0,0.0,10.3,19.87,0.0,0.0
2023-02-05,27.6,0.0,10.4,19.41,0.0,0.0
2023-02-06,28.3,0.0,14.1,19.38,0.0,0.0
2023-02-07,28.9,0.0,13.7,19.53,0.0,0.0
2023-02-08,28.4,0.0,14.5,19.55,0.0,0.0
2023-02-09,28.5,0.0,11.1,19.97,0.0,0.0
2023-02-10,29.7,0.0,13.6,19.97,0.0,0.0
2023-02-11,30.9,0.0,19.0,20.16,0.0,0.0
2023-02-12,27.9,0.0,14.8,20.27,0.0,0.0
2023-02-13,26.6,0.0,13.1,20.82,0.0,0.0
2023-02-14,27.0,0.0,13.8,20.8,0.0,0.0
2023-02-15,27.5,0.0,14.3,20.81,0.0,0.0
2023-02-16,27.3,0.0,8.8,20.62,0.0,0.0
2023-02-17,27.7,0.0,9.3,17.31,0.0,0.0
2023-02-18,28.5,0.0,11.0,16.37,0.0,0.0
2023-02-19,30.7,0.0,14.1,19.33,0.0,0.0
2023-02-20,30.8,0.0,13.3,21.08,0.0,0.0
2023-02-21,31.9,0.0,12.7,21.3,0.0,0.0
2023-02-22,32.7,0.0,15.3,21.32,0.0,0.0
2023-02-23,33.0,0.0,13.6,21.32,0.0,0.0
2023-02-24,31.5,0.0,14.1,21.34,0.0,0.0
2023-02-25,30.6,0.0,10.7,21.43,0.0,0.0
2023-02-26,31.4,0.0,13.2,19.21,0.0,0.0
2023-02-27,31.7,0.0,13.1,20.65,0.0,0.0
2023-02-28,31.4,0.0,13.0,20.75,0.0,0.0
2023-03-01,32.2,0.0,15.3,20.62,0.0,0.0
2023-03-02,32.6,0.0,14.2,20.75,0.0,0.0
2023-03-03,32.3,0.0,16.9,21.9,0.0,0.0
2023-03-04,32.7,0.0,15.1,22.15,0.0,0.0
2023-03-05,32.9,0.0,16.1,22.03,0.0,0.0
2023-03-06,31.8,0.0,12.0,20.09,0.0,0.0
2023-03-07,31.5,0.0,9.4,20.48,0.0,0.0
2023-03-08,31.9,2.8,18.2,18.42,2.800000000000014,2.7999999999999856
2023-03-09,31.7,0.0,7.6,19.49,2.800000000000014,2.7999999999999856
2023-03-10,31.4,0.0,11.2,18.53,2.800000000000014,2.7999999999999856
2023-03-11,32.2,0.1,9.5,20.52,0.10000000000001422,2.8999999999999857
2023-03-12,33.2,0.0,12.0,22.23,0.10000000000001422,2.8999999999999857
2023-03-13,33.9,0.0,9.9,22.63,0.10000000000001422,2.8999999999999857
2023-03-14,32.8,0.0,15.6,18.54,0.0,2.8999999999999857
2023-03-15,32.4,0.1,12.2,19.4,0.10000000000001422,0.1999999999999858
2023-03-16,28.9,7.1,14.1,15.99,7.2000000000000135,7.299999999999986
2023-03-17,26.9,4.1,11.6,14.4,11.300000000000013,11.399999999999984
2023-03-18,29.4,2.1,15.2,17.72,13.300000000000013,13.399999999999986
2023-03-19,25.4,8.9,18.5,12.65,15.100000000000014,22.299999999999986
2023-03-20,27.1,5.9,16.7,20.42,16.900000000000013,28.19999999999999
2023-03-21,29.0,1.6,22.2,18.14,16.400000000000016,29.799999999999986
2023-03-22,29.3,0.2,15.4,21.49,7.700000000000014,29.899999999999984
2023-03-23,30.0,0.0,12.2,21.94,1.8000000000000143,22.799999999999986
2023-03-24,31.0,0.1,10.0,19.99,0.30000000000001426,18.799999999999986
2023-03-25,31.7,0.0,9.4,20.16,0.10000000000001422,16.69999999999999
2023-03-26,30.7,4.8,16.2,16.91,4.900000000000014,12.599999999999987
2023-03-27,32.0,0.0,16.5,20.97,4.800000000000014,6.699999999999986
2023-03-28,32.8,0.0,12.8,19.94,4.800000000000014,5.099999999999985
2023-03-29,31.3,0.0,11.4,18.53,0.0,4.899999999999986
2023-03-30,33.5,0.6,17.5,19.95,0.6000000000000142,5.499999999999986
2023-03-31,30.4,23.8,18.3,19.39,24.400000000000016,29.199999999999985
2023-04-01,29.5,3.3,10.8,17.32,27.700000000000017,32.499999999999986
2023-04-02,30.2,0.0,15.8,22.03,27.100000000000016,27.699999999999985
2023-04-03,32.4,0.0,21.0,23.63,3.300000000000014,27.699999999999985
2023-04-04,32.0,0.0,17.5,19.66,0.0,27.699999999999985
2023-04-05,32.3,0.0,15.6,23.17,0.0,27.699999999999985
2023-04-06,33.1,0.0,17.6,21.34,0.0,27.099999999999987
2023-04-07,34.0,0.0,14.5,23.09,0.0,3.2999999999999856
2023-04-08,34.0,9.4,13.2,20.09,9.400000000000015,9.399999999999986
2023-04-09,33.9,0.0,11.9,21.92,9.400000000000015,9.399999999999986
2023-04-10,34.6,0.0,13.0,24.3,9.400000000000015,9.399999999999986
2023-04-11,35.4,0.0,16.1,25.57,0.0,9.399999999999986
2023-04-12,36.1,0.0,18.0,26.0,0.0,9.399999999999986
2023-04-13,37.2,0.0,16.6,25.9,0.0,9.399999999999986
2023-04-14,38.5,0.0,15.0,24.62,0.0,9.399999999999986
2023-04-15,37.9,0.0,8.8,23.26,0.0,0.0
2023-04-16,37.8,0.1,9.7,20.35,0.10000000000001422,0.0999999999999858
2023-04-17,37.5,0.0,13.2,23.16,0.10000000000001422,0.0999999999999858
2023-04-18,38.8,0.0,9.5,22.74,0.10000000000001422,0.0999999999999858
2023-04-19,38.9,0.0,18.0,24.4,0.0,0.0999999999999858
2023-04-20,38.0,0.0,21.3,24.37,0.0,0.0999999999999858
2023-04-21,30.2,0.0,24.7,13.26,0.0,0.0999999999999858
2023-04-22,32.0,2.2,13.5,19.79,2.2000000000000144,2.299999999999986
2023-04-23,28.6,16.6,13.1,18.16,18.800000000000015,18.799999999999986
2023-04-24,30.0,9.0,14.3,20.38,27.800000000000015,27.799999999999986
2023-04-25,30.7,2.0,13.6,19.49,27.600000000000016,29.799999999999986
2023-04-26,32.4,0.5,10.0,22.72,11.500000000000014,30.299999999999986
2023-04-27,33.9,0.2,13.7,21.54,2.7000000000000144,30.499999999999986
2023-04-28,33.7,0.1,14.8,20.06,0.8000000000000143,30.599999999999987
2023-04-29,32.0,0.0,15.7,20.7,0.30000000000001426,28.399999999999988
2023-04-30,31.7,2.2,14.3,18.74,2.3000000000000145,13.999999999999986
2023-05-01,27.5,4.1,10.2,8.63,6.300000000000014,9.099999999999985
2023-05-02,30.8,0.2,9.9,21.81,6.500000000000014,7.299999999999986
2023-05-03,30.1,7.0,16.4,20.24,11.300000000000015,13.799999999999986
2023-05-04,31.6,1.7,11.6,19.25,8.900000000000015,15.299999999999986
2023-05-05,33.3,0.1,12.9,23.16,8.800000000000015,15.299999999999985
2023-05-06,34.0,0.5,12.3,22.22,2.300000000000014,15.799999999999985
2023-05-07,35.4,0.0,14.0,25.15,0.6000000000000142,13.599999999999985
2023-05-08,37.2,0.0,9.2,22.59,0.5000000000000142,9.499999999999986
2023-05-09,36.5,0.0,13.2,22.43,0.0,9.299999999999986
2023-05-10,37.7,0.0,12.0,23.73,0.0,2.2999999999999856
2023-05-11,37.9,0.0,14.8,25.51,0.0,0.5999999999999858
2023-05-12,36.9,0.0,17.2,25.15,0.0,0.4999999999999858
2023-05-13,36.1,0.0,12.6,24.07,0.0,0.0
2023-05-14,37.0,0.0,14.3,24.05,0.0,0.0
2023-05-15,38.7,0.0,23.3,23.27,0.0,0.0
2023-05-16,38.1,0.0,19.7,21.99,0.0,0.0
2023-05-17,39.1,0.0,16.2,24.01,0.0,0.0
2023-05-18,38.6,0.0,16.1,22.34,0.0,0.0
2023-05-19,36.6,0.5,14.7,22.4,0.5000000000000142,0.4999999999999858
2023-05-20,37.1,0.0,12.0,22.95,0.5000000000000142,0.4999999999999858
2023-05-21,37.6,0.0,23.9,22.14,0.5000000000000142,0.4999999999999858
2023-05-22,36.8,0.7,18.9,22.76,0.7000000000000142,1.1999999999999857
2023-05-23,38.4,0.0,17.8,23.0,0.7000000000000142,1.1999999999999857
2023-05-24,38.9,2.3,24.8,22.61,3.000000000000014,3.499999999999986
2023-05-25,36.2,2.5,17.5,22.48,4.800000000000014,5.999999999999986
2023-05-26,35.9,0.8,17.3,22.2,5.600000000000014,6.299999999999986
2023-05-27,35.2,0.0,21.1,23.77,3.300000000000014,6.299999999999986
2023-05-28,36.5,0.0,15.8,24.92,0.8000000000000143,6.299999999999986
2023-05-29,36.3,0.2,17.1,22.96,0.20000000000001422,5.799999999999986
2023-05-30,36.6,7.7,10.7,18.73,7.900000000000015,13.499999999999986
2023-05-31,36.3,1.6,14.0,19.11,9.500000000000014,12.799999999999985
2023-06-01,37.0,0.0,12.7,19.87,9.300000000000015,10.299999999999986
2023-06-02,37.0,0.0,14.5,21.89,1.6000000000000143,9.499999999999986
2023-06-03,36.6,2.5,19.2,21.11,2.500000000000014,11.999999999999986
2023-06-04,37.1,0.0,13.4,22.87,2.500000000000014,11.999999999999986
2023-06-05,37.1,0.0,11.5,24.08,2.500000000000014,11.799999999999985
2023-06-06,37.0,0.0,10.0,22.21,0.0,4.099999999999985
2023-06-07,37.7,0.0,13.4,22.34,0.0,2.499999999999986
2023-06-08,39.1,0.0,19.0,22.98,0.0,2.499999999999986
2023-06-09,38.3,0.0,21.0,20.11,0.0,2.499999999999986
2023-06-10,37.4,0.5,15.0,21.74,0.5000000000000142,0.4999999999999858
2023-06-11,39.4,0.2,18.9,22.89,0.7000000000000142,0.6999999999999857
2023-06-12,39.9,0.0,17.9,23.04,0.7000000000000142,0.6999999999999857
2023-06-13,38.8,3.9,16.2,21.9,4.100000000000014,4.599999999999985
2023-06-14,35.7,12.0,18.3,20.25,15.900000000000013,16.599999999999987
2023-06-15,38.2,0.1,20.1,22.88,16.000000000000014,16.699999999999985
2023-06-16,38.7,0.0,15.6,22.87,12.100000000000012,16.699999999999985
2023-06-17,37.1,0.5,12.4,20.32,0.6000000000000124,16.699999999999985
2023-06-18,39.1,0.4,15.2,23.41,0.9000000000000125,16.899999999999984
2023-06-19,36.7,0.1,17.7,17.25,1.0000000000000124,16.999999999999986
2023-06-20,35.5,5.1,14.4,19.77,5.600000000000012,18.199999999999985
2023-06-21,35.0,8.6,15.2,20.01,13.800000000000011,14.799999999999985
2023-06-22,31.5,7.4,13.3,14.69,21.100000000000012,22.099999999999987
2023-06-23,32.8,2.1,12.1,20.51,18.100000000000016,24.199999999999985
2023-06-24,32.5,14.5,10.8,15.44,24.000000000000014,38.19999999999999
2023-06-25,27.8,16.7,12.2,12.24,33.30000000000001,54.499999999999986
2023-06-26,26.3,26.5,15.4,8.72,57.70000000000001,80.89999999999998
2023-06-27,27.7,8.9,17.3,10.38,52.10000000000001,84.69999999999999
2023-06-28,27.0,30.2,23.0,8.95,65.60000000000001,106.29999999999998
2023-06-29,30.1,5.1,22.9,17.94,44.20000000000001,103.99999999999999
2023-06-30,30.1,3.5,18.5,18.32,38.80000000000001,105.39999999999998
2023-07-01,31.3,1.5,14.4,18.26,10.100000000000014,92.39999999999998
2023-07-02,32.4,0.9,11.9,17.6,5.900000000000015,76.6
2023-07-03,33.0,0.4,12.3,19.08,2.800000000000014,50.499999999999986
2023-07-04,33.4,2.8,11.8,21.31,4.100000000000014,44.39999999999999
2023-07-05,32.2,5.2,13.5,21.29,8.400000000000015,19.399999999999984
2023-07-06,28.9,14.6,11.8,12.05,22.600000000000012,28.899999999999984
2023-07-07,31.1,6.2,12.3,21.1,26.00000000000001,31.599999999999987
2023-07-08,30.9,2.4,9.4,17.66,23.200000000000014,32.499999999999986
2023-07-09,31.1,1.7,16.6,21.74,10.300000000000013,33.29999999999999
2023-07-10,32.5,0.9,14.5,21.09,5.000000000000012,33.79999999999999
2023-07-11,33.5,2.0,14.8,22.64,4.600000000000012,32.999999999999986
2023-07-12,31.8,2.3,14.8,22.43,5.200000000000012,30.099999999999987
2023-07-13,31.3,1.4,10.3,17.97,5.700000000000013,16.899999999999988
2023-07-14,30.2,10.5,14.4,16.24,14.200000000000012,21.19999999999999
2023-07-15,29.9,8.2,8.9,12.63,20.100000000000012,26.999999999999986
2023-07-16,30.5,27.2,10.4,15.29,45.900000000000006,52.499999999999986
2023-07-17,30.0,5.8,12.6,15.58,41.20000000000001,57.399999999999984
2023-07-18,29.5,6.4,17.9,19.88,39.40000000000001,61.79999999999999
2023-07-19,30.3,4.0,20.1,20.16,16.20000000000001,63.499999999999986
2023-07-20,29.8,4.4,20.7,19.41,14.800000000000011,66.49999999999999
2023-07-21,29.6,14.8,18.5,15.38,23.200000000000014,70.79999999999998
2023-07-22,28.6,15.0,17.9,16.61,34.20000000000002,77.6
2023-07-23,29.7,4.4,19.5,20.16,34.20000000000001,54.79999999999999
2023-07-24,30.3,3.3,12.4,21.72,22.70000000000001,52.29999999999999
2023-07-25,30.6,5.5,19.9,21.97,13.20000000000001,51.399999999999984
2023-07-26,30.3,7.6,20.9,18.87,16.40000000000001,54.999999999999986
2023-07-27,30.5,3.5,19.4,21.02,16.60000000000001,54.09999999999999
2023-07-28,31.8,4.3,13.6,17.19,15.40000000000001,43.59999999999998
2023-07-29,31.0,4.7,11.7,15.38,12.50000000000001,33.29999999999998
2023-07-30,30.8,15.8,12.0,17.54,24.80000000000001,44.69999999999999
2023-07-31,32.0,12.3,13.1,20.25,32.80000000000001,53.69999999999999
2023-08-01,27.1,22.2,17.9,9.42,50.30000000000001,70.39999999999998
2023-08-02,27.3,45.6,24.9,8.05,80.10000000000002,108.39999999999999
2023-08-03,29.4,12.5,25.6,18.85,80.30000000000001,117.39999999999999
2023-08-04,27.0,0.8,22.0,8.02,58.90000000000001,113.89999999999999
2023-08-05,29.3,17.3,24.7,15.26,30.60000000000001,126.5
2023-08-06,29.0,5.0,26.5,14.72,23.10000000000001,115.69999999999999
2023-08-07,29.6,15.0,22.5,13.33,37.30000000000001,118.39999999999998
2023-08-08,29.5,4.2,18.0,13.4,24.200000000000006,100.39999999999999
2023-08-09,29.9,0.8,17.0,18.42,20.000000000000007,55.59999999999999
2023-08-10,31.4,1.2,17.8,22.51,6.200000000000007,44.29999999999999
2023-08-11,31.4,5.2,15.7,19.36,7.200000000000007,48.69999999999999
2023-08-12,30.9,2.1,13.2,15.85,8.500000000000007,33.499999999999986
2023-08-13,28.1,10.7,8.0,6.92,18.000000000000007,39.19999999999999
2023-08-14,29.4,8.8,9.4,15.81,21.60000000000001,32.999999999999986
2023-08-15,29.5,9.8,12.3,14.17,29.300000000000008,38.59999999999999
2023-08-16,29.4,11.7,12.4,16.29,30.300000000000008,49.499999999999986
2023-08-17,28.3,16.5,9.7,12.16,38.00000000000001,64.79999999999998
2023-08-18,29.6,10.2,15.4,16.98,38.400000000000006,69.79999999999998
2023-08-19,30.1,5.9,16.6,21.77,32.60000000000001,73.6
2023-08-20,30.6,1.1,14.0,21.27,17.200000000000006,63.999999999999986
2023-08-21,30.1,8.9,9.9,17.58,15.900000000000007,64.1
2023-08-22,32.0,1.8,13.0,18.1,11.800000000000008,56.09999999999999
2023-08-23,30.8,7.9,14.8,16.3,18.60000000000001,52.29999999999999
2023-08-24,29.2,7.6,14.7,11.6,17.300000000000008,43.399999999999984
2023-08-25,28.6,6.4,15.9,13.0,21.900000000000006,39.59999999999999
2023-08-26,30.5,1.8,16.3,16.6,15.800000000000008,35.499999999999986
2023-08-27,31.2,1.8,17.6,21.27,10.000000000000007,36.19999999999999
2023-08-28,31.4,0.0,16.1,23.44,3.600000000000007,27.299999999999986
2023-08-29,31.5,0.8,9.1,22.62,2.600000000000007,26.299999999999986
2023-08-30,31.7,0.1,6.9,22.58,0.9000000000000071,18.499999999999986
2023-08-31,32.3,0.3,6.5,22.1,1.2000000000000073,11.199999999999987
2023-09-01,33.4,0.8,8.4,19.39,1.2000000000000073,5.599999999999986
2023-09-02,33.4,0.5,13.5,21.08,1.6000000000000072,4.2999999999999865
2023-09-03,30.5,15.7,11.2,15.01,17.000000000000007,18.199999999999985
2023-09-04,28.2,12.9,15.3,11.5,29.10000000000001,31.099999999999987
2023-09-05,28.9,3.3,18.8,15.17,31.900000000000006,33.59999999999999
2023-09-06,30.3,10.0,17.8,15.76,26.200000000000006,43.499999999999986
2023-09-07,27.7,23.9,12.8,10.89,37.2,67.09999999999998
2023-09-08,30.2,2.8,14.9,17.45,36.7,69.09999999999998
2023-09-09,30.5,0.8,14.8,17.94,27.500000000000004,69.39999999999999
2023-09-10,31.0,1.7,9.8,21.06,5.300000000000003,55.399999999999984
2023-09-11,31.2,5.9,10.6,17.86,8.400000000000004,48.399999999999984
2023-09-12,31.8,2.3,14.2,19.65,9.900000000000004,47.39999999999998
2023-09-13,29.6,12.9,16.6,16.75,21.1,50.29999999999998
2023-09-14,25.7,25.4,21.1,7.53,40.6,51.79999999999998
2023-09-15,28.9,8.2,15.1,11.41,46.5,57.19999999999999
2023-09-16,29.5,4.4,7.9,14.82,38.0,60.79999999999998
2023-09-17,29.2,2.3,10.6,14.81,14.899999999999999,61.39999999999999
2023-09-18,31.2,5.2,11.6,20.02,11.9,60.69999999999998
2023-09-19,29.7,22.6,14.0,19.35,30.1,80.99999999999999
2023-09-20,28.3,37.7,15.2,13.71,65.5,105.79999999999998
2023-09-21,27.6,32.1,10.6,10.29,92.4,112.5
2023-09-22,28.0,6.4,16.4,12.88,76.2,110.69999999999999
2023-09-23,29.6,1.7,18.3,15.85,40.2,108.0
2023-09-24,27.8,16.1,15.0,11.66,24.200000000000003,121.79999999999998
2023-09-25,29.3,6.9,10.2,15.02,24.700000000000003,123.5
2023-09-26,30.6,23.2,9.2,15.24,46.2,124.1
2023-09-27,30.3,5.0,8.7,16.26,35.1,91.39999999999999
2023-09-28,30.5,0.4,7.3,17.82,28.6,59.69999999999999
2023-09-29,31.3,0.8,10.1,19.51,6.2,54.099999999999994
2023-09-30,29.9,5.1,13.8,16.12,6.3,57.499999999999986
2023-10-01,27.7,4.0,15.4,13.82,9.899999999999999,45.399999999999984
2023-10-02,29.4,5.1,9.8,12.48,14.2,43.59999999999999
2023-10-03,26.5,44.4,7.4,5.94,53.5,64.79999999999998
2023-10-04,27.4,12.2,13.3,8.77,61.69999999999999,71.99999999999999
2023-10-05,30.2,2.6,14.3,16.75,59.19999999999999,74.19999999999997
2023-10-06,30.2,0.9,9.5,18.54,15.699999999999992,74.29999999999998
2023-10-07,30.3,0.9,7.0,17.43,4.399999999999993,70.09999999999998
2023-10-08,31.7,0.6,7.0,20.07,2.399999999999993,66.69999999999999
2023-10-09,32.3,0.0,12.6,21.6,1.499999999999993,61.59999999999999
2023-10-10,32.0,0.0,11.8,20.33,0.5999999999999929,17.199999999999985
2023-10-11,31.8,0.0,10.0,20.51,0.0,4.999999999999986
2023-10-12,30.6,0.3,8.9,19.2,0.2999999999999929,2.699999999999986
2023-10-13,31.0,0.0,12.2,19.03,0.2999999999999929,1.7999999999999858
2023-10-14,30.7,0.0,13.8,19.63,0.2999999999999929,0.8999999999999857
2023-10-15,31.1,0.0,15.8,20.25,0.0,0.2999999999999858
2023-10-16,30.8,0.0,8.0,19.9,0.0,0.2999999999999858
2023-10-17,30.1,0.6,9.4,19.39,0.5999999999999929,0.8999999999999857
2023-10-18,29.3,0.8,8.7,18.53,1.3999999999999928,1.699999999999986
2023-10-19,28.9,0.1,7.5,18.13,1.499999999999993,1.4999999999999858
2023-10-20,28.5,0.0,7.6,18.76,0.8999999999999929,1.4999999999999858
2023-10-21,28.7,0.0,10.2,20.77,0.0999999999999929,1.4999999999999858
2023-10-22,28.5,0.0,12.5,19.88,0.0,1.4999999999999858
2023-10-23,28.1,0.8,15.5,16.69,0.7999999999999929,2.2999999999999856
2023-10-24,28.9,0.6,15.2,18.17,1.3999999999999928,2.299999999999986
2023-10-25,29.5,0.1,9.8,18.45,1.499999999999993,1.5999999999999859
2023-10-26,29.6,0.5,8.7,18.21,1.1999999999999929,1.9999999999999858
2023-10-27,28.5,0.0,10.3,16.7,0.5999999999999929,1.9999999999999858
2023-10-28,28.5,0.0,9.5,16.9,0.4999999999999929,1.9999999999999858
2023-10-29,29.2,0.0,10.4,19.35,0.0,1.9999999999999858
2023-10-30,28.4,0.0,10.1,19.52,0.0,1.199999999999986
2023-10-31,28.8,0.0,11.4,19.06,0.0,0.5999999999999859
2023-11-01,30.1,0.0,9.1,17.83,0.0,0.4999999999999859
2023-11-02,29.0,0.8,7.2,16.41,0.7999999999999929,0.799999999999986
2023-11-03,28.8,3.8,12.0,14.42,4.5999999999999925,4.599999999999985
2023-11-04,27.8,13.9,11.9,14.48,18.499999999999993,18.499999999999986
2023-11-05,27.7,0.7,8.1,16.33,18.39999999999999,19.199999999999985
2023-11-06,29.0,0.0,8.9,18.36,14.599999999999993,19.199999999999985
2023-11-07,29.3,0.0,11.0,18.65,0.6999999999999929,19.199999999999985
2023-11-08,28.3,0.0,8.4,18.62,0.0,19.199999999999985
2023-11-09,29.3,0.0,11.2,18.42,0.0,18.399999999999984
2023-11-10,29.7,0.0,9.6,18.2,0.0,14.599999999999985
2023-11-11,30.2,0.0,8.7,17.92,0.0,0.6999999999999857
2023-11-12,29.8,0.0,9.0,15.21,0.0,0.0
2023-11-13,28.6,0.0,9.1,16.92,0.0,0.0
2023-11-14,27.5,0.0,9.8,16.27,0.0,0.0
2023-11-15,27.3,0.0,13.4,17.0,0.0,0.0
2023-11-16,27.6,0.0,17.7,14.18,0.0,0.0
2023-11-17,27.8,0.0,16.8,13.89,0.0,0.0
2023-11-18,28.1,0.2,9.8,13.42,0.1999999999999929,0.1999999999999858
2023-11-19,28.0,0.0,13.2,17.2,0.1999999999999929,0.1999999999999858
2023-11-20,27.5,0.0,11.7,16.61,0.1999999999999929,0.1999999999999858
2023-11-21,27.6,0.0,7.5,16.84,0.0,0.1999999999999858
2023-11-22,27.6,0.0,6.9,17.02,0.0,0.1999999999999858
2023-11-23,27.6,0.0,6.0,16.03,0.0,0.1999999999999858
2023-11-24,27.0,0.0,9.4,16.51,0.0,0.1999999999999858
2023-11-25,27.0,0.0,10.5,14.73,0.0,0.0
2023-11-26,26.0,0.0,8.4,16.87,0.0,0.0
2023-11-27,26.4,0.0,7.6,13.78,0.0,0.0
2023-11-28,27.5,0.0,7.1,16.23,0.0,0.0
2023-11-29,27.7,0.0,5.9,14.94,0.0,0.0
2023-11-30,27.8,0.0,8.8,15.5,0.0,0.0
2023-12-01,27.9,0.0,11.8,15.76,0.0,0.0
2023-12-02,27.9,0.0,11.6,14.88,0.0,0.0
2023-12-03,28.0,0.0,12.4,15.12,0.0,0.0
2023-12-04,25.9,0.0,10.8,7.6,0.0,0.0
2023-12-05,21.5,0.7,12.0,5.75,0.6999999999999929,0.6999999999999857
2023-12-06,20.8,35.4,13.2,4.33,36.099999999999994,36.09999999999999
2023-12-07,19.8,16.7,13.1,3.58,52.8,52.79999999999998
2023-12-08,21.5,0.3,11.8,7.34,52.39999999999999,53.09999999999999
2023-12-09,24.1,0.0,8.4,14.22,16.999999999999993,53.09999999999999
2023-12-10,22.9,0.0,11.0,15.93,0.2999999999999929,53.09999999999999
2023-12-11,22.8,0.0,9.3,16.03,0.0,53.09999999999999
2023-12-12,22.7,0.0,8.2,15.99,0.0,52.399999999999984
2023-12-13,22.9,0.0,11.8,15.03,0.0,16.999999999999986
2023-12-14,23.2,0.0,5.2,15.87,0.0,0.2999999999999858
2023-12-15,23.0,0.0,6.6,16.09,0.0,0.0
2023-12-16,23.3,0.0,6.6,16.05,0.0,0.0
2023-12-17,22.2,0.0,5.2,15.84,0.0,0.0
2023-12-18,22.0,0.0,7.9,15.41,0.0,0.0
2023-12-19,21.8,0.0,7.9,15.96,0.0,0.0
2023-12-20,21.8,0.0,8.8,15.9,0.0,0.0
2023-12-21,22.6,0.0,7.3,15.53,0.0,0.0
2023-12-22,23.1,0.0,7.7,15.43,0.0,0.0
2023-12-23,22.4,0.0,7.0,10.63,0.0,0.0
2023-12-24,24.4,0.0,6.5,15.52,0.0,0.0
2023-12-25,25.3,0.0,7.4,15.54,0.0,0.0
2023-12-26,25.2,0.0,10.5,15.11,0.0,0.0
2023-12-27,24.8,0.0,8.4,15.66,0.0,0.0
2023-12-28,25.2,0.0,7.0,15.31,0.0,0.0
2023-12-29,24.6,0.0,6.2,15.38,0.0,0.0
2023-12-30,24.5,0.0,9.5,15.06,0.0,0.0
2023-12-31,24.6,0.0,8.8,15.2,0.0,0.0
